,holiday_date
0,2023-01-01
1,2023-01-21
2,2023-01-22
3,2023-01-23
4,2023-01-24
5,2023-03-01
6,2023-05-05
7,2023-05-27
8,2023-05-29
9,2023-06-06
10,2024-01-01
11,2024-02-09
12,2024-02-10
13,2024-02-11
14,2024-02-12
15,2024-03-01
16,2024-04-10
17,2024-05-05
18,2024-05-06
19,2024-05-15
20,2023-01-07
21,2023-01-08
22,2023-01-14
23,2023-01-15
24,2023-01-28
25,2023-01-29
26,2023-02-04
27,2023-02-05
28,2023-02-11
29,2023-02-12
30,2023-02-18
31,2023-02-19
32,2023-02-25
33,2023-02-26
34,2023-03-04
35,2023-03-05
36,2023-03-11
37,2023-03-12
38,2023-03-18
39,2023-03-19
40,2023-03-25
41,2023-03-26
42,2023-04-01
43,2023-04-02
44,2023-04-08
45,2023-04-09
46,2023-04-15
47,2023-04-16
48,2023-04-22
49,2023-04-23
50,2023-04-29
51,2023-04-30
52,2023-05-06
53,2023-05-07
54,2023-05-13
55,2023-05-14
56,2023-05-20
57,2023-05-21
58,2023-05-28
59,2023-06-03
60,2023-06-04
61,2023-06-10
62,2023-06-11
63,2023-06-17
64,2023-06-18
65,2023-06-24
66,2023-06-25
67,2023-07-01
68,2023-07-02
69,2023-07-08
70,2023-07-09
71,2023-07-15
72,2023-07-16
73,2023-07-22
74,2023-07-23
75,2023-07-29
76,2023-07-30
77,2023-08-05
78,2023-08-06
79,2023-08-12
80,2023-08-13
81,2023-08-19
82,2023-08-20
83,2023-08-26
84,2023-08-27
85,2023-09-02
86,2023-09-03
87,2023-09-09
88,2023-09-10
89,2023-09-16
90,2023-09-17
91,2023-09-23
92,2023-09-24
93,2023-09-30
94,2023-10-01
95,2023-10-07
96,2023-10-08
97,2023-10-14
98,2023-10-15
99,2023-10-21
100,2023-10-22
101,2023-10-28
102,2023-10-29
103,2023-11-04
104,2023-11-05
105,2023-11-11
106,2023-11-12
107,2023-11-18
108,2023-11-19
109,2023-11-25
110,2023-11-26
111,2023-12-02
112,2023-12-03
113,2023-12-09
114,2023-12-10
115,2023-12-16
116,2023-12-17
117,2023-12-23
118,2023-12-24
119,2023-12-30
120,2023-12-31
121,2024-01-06
122,2024-01-07
123,2024-01-13
124,2024-01-14
125,2024-01-20
126,2024-01-21
127,2024-01-27
128,2024-01-28
129,2024-02-03
130,2024-02-04
131,2024-02-17
132,2024-02-18
133,2024-02-24
134,2024-02-25
135,2024-03-02
136,2024-03-03
137,2024-03-09
138,2024-03-10
139,2024-03-16
140,2024-03-17
141,2024-03-23
142,2024-03-24
143,2024-03-30
144,2024-03-31
145,2024-04-06
146,2024-04-07
147,2024-04-13
148,2024-04-14
149,2024-04-20
150,2024-04-21
151,2024-04-27
152,2024-04-28
153,2024-05-04
154,2024-05-11
155,2024-05-12
156,2024-05-18
157,2024-05-19
158,2024-05-25
159,2024-05-26
160,2024-06-01
161,2024-06-02
162,2024-06-08
163,2024-06-09
164,2024-06-15
165,2024-06-16
166,2024-06-22
167,2024-06-23
168,2024-06-29
169,2024-06-30
170,2024-07-06
171,2024-07-07
172,2024-07-13
173,2024-07-14
174,2024-07-20
175,2024-07-21
176,2024-07-27
177,2024-07-28
178,2024-08-03
179,2024-08-04
180,2024-08-10
181,2024-08-11
182,2024-08-17
183,2024-08-18
184,2024-08-24
185,2024-08-25
186,2024-08-31
187,2024-09-01
188,2024-09-07
189,2024-09-08
190,2024-09-14
191,2024-09-15
192,2024-09-21
193,2024-09-22
194,2024-09-28
195,2024-09-29
196,2024-10-05
197,2024-10-06
198,2024-10-12
199,2024-10-13
200,2024-10-19
201,2024-10-20
202,2024-10-26
203,2024-10-27
204,2024-11-02
205,2024-11-03
206,2024-11-09
207,2024-11-10
208,2024-11-16
209,2024-11-17
210,2024-11-23
211,2024-11-24
212,2024-11-30
213,2024-12-01
214,2024-12-07
215,2024-12-08
216,2024-12-14
217,2024-12-15
218,2024-12-21
219,2024-12-22
220,2024-12-28
221,2024-12-29